fips,LND110210,POP060210
0,3531905.43,87.4
1000,50645.33,94.4
1001,594.44,91.8
1003,1589.78,114.6
1005,884.88,31
1007,622.58,36.8
1009,644.78,88.9
1011,622.81,17.5
1013,776.83,27
1015,605.87,195.7
1017,596.53,57.4
1019,553.7,46.9
1021,692.85,63
1023,913.5,15.2
1025,1238.47,20.9
1027,603.96,23.1
1029,560.1,26.7
1031,678.97,73.6
1033,592.62,91.8
1035,850.16,15.6
1037,650.93,17.7
1039,1030.46,36.6
1041,608.84,22.8
1043,734.84,109.4
1045,561.15,89.6
1047,978.7,44.8
1049,777.09,91.5
1051,618.49,128.2
1053,945.08,40.5
1055,534.99,195.2
1057,627.66,27.5
1059,633.82,50
1061,574.41,46.6
1063,647.11,14
1065,643.94,24.5
1067,561.75,30.8
1069,579.82,175.1
1071,1077.87,49.4
1073,1111.28,592.5
1075,604.85,24.1
1077,667.7,138.8
1079,690.68,49.7
1081,607.54,230.8
1083,559.94,147.8
1085,715.91,15.8
1087,608.89,35.2
1089,801.59,417.7
1091,976.88,21.5
1093,742.29,41.5
1095,565.84,164.4
1097,1229.44,335.9
1099,1025.68,22.5
1101,784.25,292.5
1103,579.34,206.3
1105,719.66,14.7
1107,881.41,22.4
1109,672.09,48.9
1111,580.55,39.5
1113,641.14,82.6
1115,631.9,132.3
1117,784.93,248.5
1119,903.89,15.2
1121,736.78,111.7
1123,716.52,58.1
1125,1321.76,147.3
1127,791.19,84.7
1129,1080.21,16.3
1131,888.5,13.1
1133,612.98,39.9
2000,570640.95,1.2
2013,6981.94,0.4
2016,4390.28,1.3
2020,1704.68,171.2
2050,40570,0.4
2060,503.84,2
2068,12751.41,0.1
2070,18568.78,0.3
2090,7338.21,13.3
2100,2318.6,1.1
2105,7524.92,0.3
2110,2701.93,11.6
2122,16075.33,3.4
2130,4858.41,2.8
2150,6549.58,2.1
2164,23652.01,0.1
2170,24607.9,3.6
2180,22961.76,0.4
2185,88695.41,0.1
2188,35572.58,0.2
2195,3281.98,1.2
2198,3922.87,1.4
2220,2870.34,3.1
2230,452.33,2.1
2240,24768.81,0.3
2261,34239.88,0.3
2270,17081.43,0.4
2275,2541.48,0.9
2282,7649.46,0.1
2290,145504.79,0
4000,113594.08,56.3
4001,11197.52,6.4
4003,6165.69,21.3
4005,18618.89,7.2
4007,4757.93,11.3
4009,4622.6,8.1
4011,1843.13,4.6
4012,4499.63,4.6
4013,9200.14,414.9
4015,13311.08,15
4017,9950.42,10.8
4019,9187.04,106.7
4021,5365.61,70
4023,1236.92,38.3
4025,8123.5,26
4027,5513.99,35.5
5000,52035.48,56
5001,988.77,19.2
5003,925.35,23.6
5005,554.28,74.9
5007,847.36,261.2
5009,590.23,62.5
5011,649.23,17.7
5013,628.58,8.5
5015,630.09,43.6
5017,644.3,18.3
5019,866.07,26.6
5021,639.47,25.2
5023,553.69,46.9
5025,597.78,14.5
5027,766.05,32.1
5029,552.25,38.5
5031,707.21,136.4
5033,593.09,104.4
5035,609.76,83.5
5037,616.38,29
5039,667.39,12.2
5041,768.15,16.9
5043,828.36,22.3
5045,647.88,174.8
5047,608.86,29.8
5049,618.19,19.8
5051,677.78,141.7
5053,631.81,28.3
5055,577.7,72.9
5057,727.52,31.1
5059,615.2,53.5
5061,588.55,23.4
5063,763.95,48
5065,580.58,23.6
5067,633.94,28.4
5069,870.75,88.9
5071,659.8,38.7
5073,528.27,14.5
5075,587.61,29.6
5077,602.62,17.3
5079,561.52,25.2
5081,532.25,24.7
5083,708.13,31.6
5085,770.73,88.7
5087,834.26,18.8
5089,597.01,27.9
5091,625.58,69.5
5093,900.57,51.6
5095,607.12,13.4
5097,779.88,12.2
5099,617.84,14.6
5101,820.9,10.1
5103,732.78,35.6
5105,551.4,18.9
5107,695.66,31.3
5109,600.62,18.8
5111,758.39,32.4
5113,857.68,24.1
5115,812.55,76
5117,647.96,13.4
5119,759.76,503.8
5121,652.19,27.6
5123,634.77,44.5
5125,723.6,148
5127,892.32,12.6
5129,666.1,12.3
5131,531.91,236.4
5133,565.13,30.2
5135,604.44,28.6
5137,606.41,20.4
5139,1039.21,40.1
5141,708.14,24.4
5143,941.97,215.6
5145,1035.08,74.5
5147,586.79,12.4
5149,929.98,23.9
6000,155779.22,239.1
6001,739.02,2043.6
6003,738.33,1.6
6005,594.58,64.1
6007,1636.46,134.4
6009,1020.01,44.7
6011,1150.73,18.6
6013,715.94,1465.2
6015,1006.37,28.4
6017,1707.88,106
6019,5957.99,156.2
6021,1313.95,21.4
6023,3567.99,37.7
6025,4176.6,41.8
6027,10180.88,1.8
6029,8131.92,103.3
6031,1389.42,110.1
6033,1256.46,51.5
6035,4541.18,7.7
6037,4057.88,2419.6
6039,2137.07,70.6
6041,520.31,485.1
6043,1448.82,12.6
6045,3506.34,25.1
6047,1934.97,132.2
6049,3917.77,2.5
6051,3048.98,4.7
6053,3280.6,126.5
6055,748.36,182.4
6057,957.77,103.1
6059,790.57,3807.7
6061,1407.01,247.6
6063,2553.04,7.8
6065,7206.48,303.8
6067,964.64,1470.8
6069,1388.71,39.8
6071,20056.94,101.5
6073,4206.63,735.8
6075,46.87,17179.1
6077,1391.32,492.6
6079,3298.57,81.7
6081,448.41,1602.2
6083,2735.09,155
6085,1290.1,1381
6087,445.17,589.4
6089,3775.4,46.9
6091,953.21,3.4
6093,6277.89,7.2
6095,821.77,503
6097,1575.85,307.1
6099,1494.83,344.2
6101,602.41,157.3
6103,2949.71,21.5
6105,3179.25,4.3
6107,4824.22,91.7
6109,2220.88,24.9
6111,1843.13,446.7
6113,1014.69,197.9
6115,631.84,114.2
8000,103641.89,48.5
8001,1167.65,378.2
8003,722.64,21.4
8005,798.1,716.7
8007,1350.18,8.9
8009,2554.97,1.5
8011,1512.86,4.3
8013,726.29,405.6
8014,33.03,1691.9
8015,1013.4,17.6
8017,1778.28,1
8019,395.23,23
8021,1287.39,6.4
8023,1226.95,2.9
8025,787.42,7.4
8027,738.63,5.8
8029,1142.05,27.1
8031,153,3922.6
8033,1067.05,1.9
8035,840.25,339.7
8037,1684.53,31
8039,1850.85,12.5
8041,2126.8,292.6
8043,1533.07,30.5
8045,2947.56,19.1
8047,149.9,36.3
8049,1846.33,8
8051,3239.1,4.7
8053,1117.25,0.8
8055,1591,4.2
8057,1613.72,0.9
8059,764.21,699.5
8061,1767.77,0.8
8063,2160.82,3.8
8065,376.91,19.4
8067,1692.08,30.3
8069,2596,115.4
8071,4772.67,3.2
8073,2577.63,2.1
8075,1838.55,12.4
8077,3328.97,44.1
8079,875.67,0.8
8081,4743.29,2.9
8083,2029.53,12.6
8085,2240.7,18.4
8087,1280.43,22
8089,1261.96,14.9
8091,541.59,8.2
8093,2193.85,7.4
8095,687.93,6.5
8097,970.7,17.7
8099,1638.4,7.7
8101,2386.1,66.7
8103,3220.93,2.1
8105,911.96,13.1
8107,2362.03,10
8109,3168.53,1.9
8111,387.49,1.8
8113,1286.61,5.7
8115,548.04,4.3
8117,608.36,46
8119,557.06,41.9
8121,2518.03,1.9
8123,3987.24,63.4
8125,2364.41,4.2
9000,4842.36,738.1
9001,624.89,1467.2
9003,735.1,1216.2
9005,920.56,206.3
9007,369.3,448.6
9009,604.51,1426.7
9011,664.88,412.2
9013,410.21,372.2
9015,512.91,230.9
10000,1948.54,460.8
10001,586.18,276.9
10003,426.29,1263.2
10005,936.08,210.6
11000,61.05,9856.5
11001,61.05,9856.6
12000,53624.76,350.6
12001,875.02,282.7
12003,585.23,46.3
12005,758.46,222.6
12007,293.96,97
12009,1015.66,535
12011,1209.79,1444.9
12013,567.33,25.8
12015,680.28,235.2
12017,581.7,242.8
12019,604.36,315.8
12021,1998.32,160.9
12023,797.57,84.7
12027,637.06,54.7
12029,705.05,23.3
12031,762.19,1133.9
12033,656.46,453.4
12035,485.46,197.1
12037,534.73,21.6
12039,516.33,89.8
12041,349.68,48.4
12043,806.01,16
12045,564.01,28.1
12047,513.79,28.8
12049,637.78,43.5
12051,1152.75,34
12053,472.54,365.6
12055,1016.62,97.2
12057,1020.21,1204.9
12059,478.78,41.6
12061,502.87,274.5
12063,917.76,54.2
12065,598.1,24.7
12067,543.41,16.3
12069,938.38,316.6
12071,784.51,788.7
12073,666.85,413.1
12075,1118.21,36.5
12077,835.56,10
12079,695.95,27.6
12081,742.93,434.5
12083,1584.55,209.1
12085,543.46,269.2
12086,1897.72,1315.5
12087,983.28,74.3
12089,648.64,113
12091,930.25,194.4
12093,768.91,52
12095,903.43,1268.5
12097,1327.45,202.4
12099,1969.76,670.2
12101,746.89,622.2
12103,273.8,3347.5
12105,1797.84,334.9
12107,727.62,102.2
12109,600.66,316.4
12111,571.93,485.7
12113,1011.61,149.6
12115,555.87,682.6
12117,309.22,1367
12119,546.93,170.8
12121,688.55,60.3
12123,1043.31,21.6
12125,243.56,63.8
12127,1101.03,449.2
12129,606.42,50.8
12131,1037.63,53
12133,582.8,42.7
13000,57513.49,168.4
13001,507.08,36
13003,339.38,24.7
13005,258.58,42.9
13007,341.94,10.1
13009,257.84,177.3
13011,232.09,79.3
13013,160.31,432.7
13015,459.54,217.9
13017,250.12,70.5
13019,451.9,42.7
13021,249.76,622.8
13023,215.87,60.5
13025,442.36,41.6
13027,493.05,32.9
13029,435.97,69.3
13031,672.81,104.4
13033,826.97,28.2
13035,184.39,128.3
13037,280.37,23.9
13039,613.03,82.4
13043,243.04,45.3
13045,499.08,221.5
13047,162.16,394.3
13049,773.58,15.7
13051,426.44,621.7
13053,248.74,45.3
13055,313.34,83
13057,421.67,508.3
13059,119.2,979.1
13061,195.38,16.3
13063,141.57,1832.5
13065,800.22,8.5
13067,339.55,2026.4
13069,575.1,73.7
13071,544.15,83.6
13073,290.09,427.6
13075,227.16,75.8
13077,440.89,288.8
13079,324.89,38.9
13081,272.58,86
13083,173.98,95.6
13085,210.83,105.9
13087,597.14,46.6
13089,267.58,2585.7
13091,495.89,44
13093,391.94,38.1
13095,328.69,287.7
13097,200.07,661.8
13099,512.59,21.5
13101,414.89,9.7
13103,477.7,109.4
13105,351.06,57.4
13107,680.6,33.2
13109,182.85,60.2
13111,386.72,61.2
13113,194.34,548.3
13115,509.91,188.9
13117,224.02,783.5
13119,261.5,84.5
13121,526.64,1748
13123,426.54,66.3
13125,143.74,21.4
13127,419.75,189.7
13129,355.81,155.1
13131,454.53,55
13133,387.44,41.3
13135,430.38,1871.2
13137,276.74,155.5
13139,392.78,457.5
13141,471.84,20
13143,282.17,102
13145,463.87,69
13147,232.39,108.5
13149,296.03,40
13151,322.13,633
13153,375.54,372.5
13155,354.34,26.9
13157,339.66,178.1
13159,368.17,37.8
13161,330.74,45.6
13163,526.49,32.2
13165,347.28,24
13167,303.01,32.9
13169,393.93,72.8
13171,183.5,99.8
13173,185.26,54.4
13175,807.3,60
13177,355.78,79.5
13179,489.8,129.5
13181,210.38,38
13183,400.29,36.1
13185,496.07,220.2
13187,282.93,105.9
13189,257.46,85
13191,424.3,33.8
13193,400.64,36.8
13195,282.31,99.6
13197,366,23.9
13199,501.22,43.9
13201,282.42,21.7
13205,512.09,45.9
13207,395.66,66.8
13209,239.52,38.1
13211,347.35,51.4
13213,344.47,115
13215,216.39,877.5
13217,272.16,367.3
13219,184.29,178
13221,439.01,33.9
13223,312.22,455.8
13225,150.27,184.3
13227,232.06,126.8
13229,316.49,59.3
13231,216.09,82.7
13233,310.33,133.6
13235,249.03,48.2
13237,344.64,61.6
13239,151.24,16.6
13241,369.99,44
13243,428.24,18
13245,324.33,618.4
13247,129.79,656.5
13249,166.91,30
13251,645.1,22.6
13253,235.23,37.1
13255,196.47,326.1
13257,179.13,146.1
13259,458.73,13.2
13261,482.7,68
13263,391.39,17.5
13265,194.61,8.8
13267,479.4,53.2
13269,376.69,23.6
13271,437.3,37.7
13273,335.44,27.8
13275,544.6,82.1
13277,258.92,154.9
13279,364.01,74.8
13281,166.56,62.9
13283,199.44,34.5
13285,413.99,161.9
13287,285.39,31.3
13289,358.4,25.2
13291,321.93,66.3
13293,323.44,84
13295,446.38,154
13297,325.68,257.2
13299,892.46,40.7
13301,284.3,20.5
13303,678.45,31.2
13305,641.78,46.9
13307,209.12,13.4
13309,295.48,25.1
13311,240.69,112.8
13313,290.46,353.2
13315,377.71,24.5
13317,469.49,22.6
13319,447.31,21.4
13321,570.7,38
15000,6422.63,211.8
15001,4028.42,45.9
15003,600.74,1586.7
15005,11.99,7.5
15007,619.96,108.2
15009,1161.52,133.3
16000,82643.12,19
16001,1052.58,372.8
16003,1363.06,2.9
16005,1111.99,74.5
16007,974.79,6.1
16009,776.62,12
16011,2093.98,21.8
16013,2643.59,8.1
16015,1899.24,3.7
16017,1734.57,23.6
16019,1866.08,55.9
16021,1268.56,8.6
16023,2231.67,1.3
16025,1074.49,1
16027,587.37,321.6
16029,1764.15,3.9
16031,2565.08,8.9
16033,1764.19,0.6
16035,2457.27,3.6
16037,4920.94,0.9
16039,3074.74,8.8
16041,663.65,19.3
16043,1863.53,7.1
16045,560.9,29.8
16047,728.97,21.2
16049,8477.35,1.9
16051,1093.5,23.9
16053,597.19,37.5
16055,1244.13,111.3
16057,1076,34.6
16059,4563.39,1.7
16061,478.8,8
16063,1201.41,4.3
16065,469.21,80
16067,757.59,26.5
16069,848.09,46.3
16071,1200.06,3.6
16073,7665.51,1.5
16075,406.87,55.6
16077,1404.24,5.6
16079,2629.67,4.9
16081,449.46,22.6
16083,1921.21,40.2
16085,3664.52,2.7
16087,1452.98,7
17000,55518.93,231.1
17001,855.2,78.5
17003,235.51,35
17005,380.28,46.7
17007,280.72,193
17009,305.61,22.7
17011,869.03,40.2
17013,253.83,20
17015,444.81,34.6
17017,375.82,36.3
17019,996.27,201.8
17021,709.38,49.1
17023,501.42,32.6
17025,468.32,29.5
17027,474.09,79.7
17029,508.29,106
17031,945.33,5495.1
17033,443.63,44.7
17035,346.02,31.9
17037,631.31,166.6
17039,397.51,41.7
17041,416.67,48
17043,327.5,2799.8
17045,623.37,29.8
17047,222.42,30.2
17049,478.78,71.5
17051,716.48,30.9
17053,485.62,29
17055,408.89,96.8
17057,865.6,42.8
17059,323.07,17.3
17061,543.02,25.6
17063,418.04,119.8
17065,434.67,19.5
17067,793.73,24.1
17069,177.53,24.3
17071,378.87,19.3
17073,822.99,61.3
17075,1117.32,26.6
17077,584.08,103.1
17079,494.51,19.6
17081,571.17,68
17083,369.27,62.2
17085,601.09,37.7
17087,343.92,36.6
17089,520.06,990.8
17091,676.56,167.7
17093,320.34,358.2
17095,716.4,73.9
17097,443.67,1585.6
17099,1135.12,100.4
17101,372.18,45.2
17103,724.9,49.7
17105,1044.29,37.3
17107,618.06,49
17109,589.41,55.3
17111,603.17,511.9
17113,1183.38,143.3
17115,580.69,190.8
17117,862.91,55.4
17119,715.58,376.3
17121,572.36,68.9
17123,386.79,32.7
17125,539.24,27.2
17127,237.22,65
17129,314.44,40.4
17131,561.2,29.3
17133,385.01,85.6
17135,703.69,42.8
17137,568.79,62.5
17139,335.94,44.2
17141,758.57,70.5
17143,619.21,301.2
17145,441.76,50.6
17147,439.2,38.1
17149,831.38,19.8
17151,368.77,12.1
17153,199.19,30.9
17155,160.16,37.5
17157,575.5,58.2
17159,359.99,45.1
17161,427.64,345
17163,657.76,410.6
17165,379.82,65.6
17167,868.3,227.4
17169,437.27,17.3
17171,250.91,21.3
17173,758.52,29.5
17175,288.08,20.8
17177,564.52,84.5
17179,648.97,208.6
17181,413.46,43.1
17183,898.37,90.9
17185,223.25,53.5
17187,542.41,32.6
17189,562.57,26.2
17191,713.81,23.5
17193,494.77,29.6
17195,684.25,85.5
17197,836.91,809.6
17199,420.15,157.9
17201,513.36,575.2
17203,527.8,73.3
18000,35826.11,181
18001,339.03,101.4
18003,657.31,540.6
18005,406.91,188.7
18007,406.42,21.8
18009,165.08,77.3
18011,422.91,133.9
18013,311.98,48.9
18015,372.22,54.1
18017,412.16,94.5
18019,372.86,295.6
18021,357.54,75.2
18023,405.07,82
18025,305.64,35.1
18027,429.49,73.7
18029,305.03,164.1
18031,372.57,69.1
18033,362.82,116.4
18035,392.12,300.1
18037,427.27,98
18039,463.17,426.5
18041,215.01,112.9
18043,147.94,504.1
18045,395.66,43.6
18047,384.43,60.1
18049,368.39,56.6
18051,487.49,68.7
18053,414.07,169.2
18055,542.5,61.1
18057,394.27,696.4
18059,306.02,228.8
18061,484.52,81.2
18063,406.91,357.4
18065,391.88,126.2
18067,293.06,282.4
18069,382.65,97
18071,509.31,83.2
18073,559.63,59.8
18075,383.91,55.4
18077,360.63,89.9
18079,376.58,75.7
18081,320.43,435.8
18083,516.03,74.5
18085,531.38,145.6
18087,379.62,97.8
18089,498.96,994.1
18091,598.3,186.3
18093,449.17,102.7
18095,451.92,291.3
18097,396.3,2279.6
18099,443.63,106.1
18101,335.74,30.8
18103,373.84,98.7
18105,394.51,349.7
18107,504.61,75.6
18109,403.97,170.5
18111,401.76,35.5
18113,410.84,115.7
18115,86.14,71.1
18117,398.39,49.8
18119,385.29,56
18121,444.66,39
18123,381.73,50.7
18125,334.24,38.4
18127,418.15,393
18129,409.57,63.3
18131,433.65,30.9
18133,480.53,79
18135,452.38,57.9
18137,446.43,64.6
18139,408.12,42.6
18141,457.85,583
18143,190.4,127
18145,411.15,108.1
18147,396.74,52.8
18149,309.13,75.6
18151,308.94,110.7
18153,447.14,48
18155,220.63,48.1
18157,499.81,345.7
18159,260.54,61.2
18161,161.22,46.6
18163,233.48,769.7
18165,256.88,63.1
18167,403.31,267.4
18169,412.43,79.7
18171,364.68,23.3
18173,384.82,155.1
18175,513.73,55
18177,401.74,171.5
18179,368.09,75.1
18181,505.13,48.8
18183,335.57,99.2
19000,55857.13,54.5
19001,569.27,13.5
19003,423.44,9.5
19005,639.08,22.4
19007,497.29,25.9
19009,442.96,13.8
19011,716.27,36.4
19013,565.77,231.7
19015,571.57,46
19017,435.48,55.7
19019,571.02,36.7
19021,574.92,35.2
19023,580.13,25.6
19025,569.97,17
19027,569.44,36.6
19029,564.27,24.7
19031,579.44,31.9
19033,568.31,77.7
19035,576.91,20.9
19037,504.38,24.7
19039,431.17,21.5
19041,567.24,29.4
19043,778.54,23.3
19045,694.92,70.7
19047,714.19,23.9
19049,588.45,112.4
19051,502.19,17.4
19053,531.88,15.9
19055,577.76,30.7
19057,416.12,96.9
19059,380.61,43.8
19061,608.31,154
19063,395.88,26
19065,730.81,28.6
19067,500.63,32.6
19069,581.97,18.4
19071,511.15,14.6
19073,569.57,16.4
19075,501.86,24.8
19077,590.62,18.5
19079,576.75,27.2
19081,571.01,19.9
19083,569.31,30.8
19085,696.85,21.4
19087,434.33,46.4
19089,473.25,20.2
19091,434.35,22.6
19093,431.51,16.4
19095,586.46,27.9
19097,636.04,31.2
19099,730.42,50.4
19101,435.51,38.7
19103,614.04,213.1
19105,575.62,35.9
19107,579.18,18.1
19109,972.72,16
19111,517.52,69.3
19113,716.88,294.6
19115,401.77,28.3
19117,430.59,20.7
19119,587.65,19.7
19121,561.01,27.9
19123,570.86,39.2
19125,554.53,60.1
19127,572.5,71
19129,437.44,34.4
19131,469.13,23
19133,694.07,13.3
19135,433.72,18.4
19137,424.1,25.3
19139,437.47,97.7
19141,573.04,25.1
19143,398.68,16.2
19145,534.94,29.8
19147,563.84,16.7
19149,862.89,29
19151,577.24,12.7
19153,573.8,750.5
19155,950.28,98
19157,584.93,32.3
19159,535.5,9.6
19161,575.01,18
19163,458.09,360.7
19165,590.78,20.6
19167,768.33,43.9
19169,572.82,156.3
19171,721.01,24.6
19173,531.9,11.9
19175,423.65,29.6
19177,484.79,15.6
19179,431.83,82.5
19181,569.83,81.1
19183,568.84,38.2
19185,525.44,12.2
19187,715.62,53.1
19189,400.49,27.1
19191,689.87,30.5
19193,872.83,117.1
19195,400.12,19
19197,580.42,22.8
20000,81758.72,34.9
20001,500.3,26.7
20003,579.65,14
20005,431.17,39.3
20007,1134.07,4.3
20009,895.4,30.9
20011,635.47,23.9
20013,570.87,17.5
20015,1429.86,46.1
20017,773.06,3.6
20019,638.88,5.7
20021,587.57,36.8
20023,1019.89,2.7
20025,974.63,2.3
20027,645.3,13.2
20029,715.34,13.3
20031,626.95,13.7
20033,788.3,2.4
20035,1125.75,32.3
20037,589.76,66.4
20039,893.52,3.3
20041,847.07,23.3
20043,393.41,20.2
20045,455.87,243.1
20047,621.89,4.9
20049,644.27,4.5
20051,899.91,31.6
20053,715.85,9.1
20055,1301.97,28.2
20057,1098.27,30.8
20059,571.76,45.5
20061,384.62,89.3
20063,1071.67,2.5
20065,898.52,2.9
20067,574.8,13.6
20069,868.87,6.9
20071,778.45,1.6
20073,1143.3,5.9
20075,996.51,2.7
20077,801.27,7.5
20079,539.75,64.3
20081,577.52,7.4
20083,859.99,2.2
20085,656.22,20.5
20087,532.57,35.9
20089,909.78,3.4
20091,473.38,1149.6
20093,870.54,4.6
20095,863.36,9.1
20097,722.64,3.5
20099,645.3,33.5
20101,717.46,2.4
20103,462.83,164.7
20105,719.4,4.5
20107,594.06,16.3
20109,1072.99,2.6
20111,847.47,39.8
20113,898.27,32.5
20115,944.29,13.4
20117,900.18,11.2
20119,978.09,4.7
20121,575.66,57
20123,701.79,9.1
20125,643.53,55.1
20127,695.28,8.5
20129,729.73,4.4
20131,717.43,14.2
20133,571.47,28.9
20135,1074.75,2.9
20137,878.13,6.5
20139,705.52,23.1
20141,892.5,4.3
20143,720.73,8.5
20145,754.26,9.2
20147,885.88,6.4
20149,841.02,25.7
20151,735.05,13.1
20153,1069.42,2.4
20155,1255.35,51.4
20157,717.37,6.9
20159,726.24,13.9
20161,609.77,116.6
20163,890.53,5.8
20165,717.76,4.6
20167,886.26,7.9
20169,720.23,77.2
20171,717.54,6.9
20173,997.51,499.6
20175,639.5,35.9
20177,544.02,327.1
20179,895.96,2.9
20181,1056.07,5.7
20183,895.47,4.3
20185,792.05,5.6
20187,680.35,3.3
20189,727.29,7.9
20191,1181.94,20.4
20193,1074.69,7.4
20195,889.48,3.4
20197,794.3,8.9
20199,913.65,1.6
20201,894.76,6.5
20203,718.57,3.1
20205,570.42,16.5
20207,497.82,6.6
20209,151.6,1039
21000,39486.34,109.9
21001,405.28,46
21003,344.34,58
21005,201.83,106.1
21007,246.66,33.4
21009,487.54,86.5
21011,278.79,41.6
21013,359,79.9
21015,246.36,482.3
21017,289.72,69
21019,159.86,309.9
21021,180.17,157.8
21023,205.61,41.3
21025,492.41,28.2
21027,567.17,35.4
21029,297.02,250.2
21031,426.09,29.8
21033,344.79,37.7
21035,385.02,96.6
21037,151.31,597
21039,189.43,26.9
21041,128.57,84.1
21043,409.5,67.7
21045,444.23,35.9
21047,717.5,103.1
21049,252.46,141.1
21051,469.25,46.3
21053,197.25,52.1
21055,359.95,25.9
21057,305.18,22.5
21059,458.35,210.9
21061,302.88,40.2
21063,234.32,33.5
21065,253.08,58
21067,283.65,1042.8
21069,348.54,41.2
21071,393.35,100.3
21073,207.75,237.2
21075,205.5,33.2
21077,101.23,84.8
21079,230.08,73.5
21081,257.97,95.6
21083,551.74,67.3
21085,496.7,51.8
21087,286.03,39.4
21089,344.4,107.2
21091,187.65,45.6
21093,623.28,169.3
21095,465.83,62.9
21097,306.36,61.5
21099,412.09,44.2
21101,436.67,105.9
21103,286.28,53.9
21105,242.27,20.2
21107,542,86.6
21109,345.2,39.1
21111,380.42,1948.1
21113,172.12,282.3
21115,261.95,89.2
21117,160.25,996.7
21119,351.52,46.5
21121,386.3,82.5
21123,261.52,54.3
21125,433.95,135.6
21127,415.6,38.2
21129,208.86,37.8
21131,400.84,28.2
21133,337.91,72.6
21135,482.84,28.7
21137,334.1,74.1
21139,313.13,30.4
21141,552.13,48.6
21143,213.84,38.9
21145,248.74,263.6
21147,426.8,42.9
21149,252.47,37.8
21151,437.29,189.6
21153,308.44,43.2
21155,343.01,57.8
21157,301.25,104.4
21159,229.61,56.3
21161,240.13,72.8
21163,305.42,93.6
21165,203.59,31
21167,248.8,85.7
21169,289.65,34.9
21171,329.37,33.3
21173,197.37,134.3
21175,381.13,36.5
21177,467.08,67.4
21179,417.51,104
21181,195.17,36.6
21183,587.27,40.6
21185,187.22,322.2
21187,351.1,30.9
21189,197.41,24.1
21191,277.16,53.7
21193,339.67,84.5
21195,786.83,82.6
21197,178.98,70.5
21199,658.41,95.8
21201,99.91,22.8
21203,316.55,53.9
21205,279.8,83.4
21207,253.66,69.2
21209,281.77,167.4
21211,379.64,110.8
21213,234.2,74
21215,186.68,91.4
21217,266.33,92
21219,374.5,33.3
21221,441.43,32.5
21223,151.65,58.1
21225,342.85,43.8
21227,541.6,210.1
21229,297.27,39.4
21231,458.17,45.4
21233,331.94,41
21235,437.83,81.4
21237,222.17,33.1
21239,188.78,132.1
22000,43203.9,104.9
22001,655.12,94.3
22003,761.85,33.8
22005,289.98,369.7
22007,338.66,69.2
22009,832.43,50.5
22011,1157.34,30.8
22013,811.27,17.7
22015,840.06,139.3
22017,878.54,290.2
22019,1063.66,181.2
22021,529.43,19.1
22023,1284.89,5.3
22025,708.03,14.7
22027,754.88,22.8
22029,696.92,29.9
22031,875.58,30.4
22033,455.37,966.6
22035,420.7,18.4
22037,453.41,44.7
22039,662.38,51.3
22041,624.59,33.2
22043,643.03,34.7
22045,574.11,127.6
22047,618.63,54
22049,569.18,28.6
22051,295.63,1463.1
22053,651.33,48.5
22055,268.72,824.6
22057,1068.21,90.2
22059,624.68,23.8
22061,471.74,99.1
22063,648.17,197.5
22065,624.44,19.4
22067,794.93,35.2
22069,1252.25,31.6
22071,169.42,2029.4
22073,610.41,251.8
22075,779.91,29.5
22077,557.35,40.9
22079,1317.96,99.9
22081,389.09,23.4
22083,559.04,37.1
22085,866.66,28
22087,377.52,95.1
22089,279.08,189.1
22091,408.4,27.4
22093,241.54,91.5
22095,213.07,215.5
22097,923.88,90.3
22099,737.65,70.7
22101,555.38,98.4
22103,845.55,276.4
22105,791.28,153
22107,602.78,8.7
22109,1231.82,90.8
22111,876.99,25.9
22113,1173.2,49.4
22115,1327.91,39.4
22117,669.53,70.4
22119,593.03,69.5
22121,192.39,123.6
22123,359.65,32.3
22125,403.21,38.8
22127,950.09,16.1
23000,30842.92,43.1
23001,467.93,230.2
23003,6671.33,10.8
23005,835.24,337.2
23007,1696.61,18.1
23009,1586.89,34.3
23011,867.52,140.8
23013,365.13,108.8
23015,455.82,75.6
23017,2076.84,27.8
23019,3397.36,45.3
23021,3960.86,4.4
23023,253.7,139.1
23025,3924.4,13.3
23027,729.92,53.1
23029,2562.66,12.8
23031,990.71,199
24000,9707.24,594.8
24001,424.16,177
24003,414.9,1295.9
24005,598.3,1345.5
24009,213.15,416.3
24011,319.42,103.5
24013,447.6,373.4
24015,346.27,292
24017,457.75,320.2
24019,540.77,60.3
24021,660.22,353.5
24023,647.1,46.5
24025,437.09,560.1
24027,250.74,1144.9
24029,277.03,72.9
24031,491.25,1978.2
24033,482.69,1788.8
24035,371.91,128.5
24037,357.18,294.4
24039,319.72,82.8
24041,268.54,140.7
24043,457.78,322.1
24045,374.44,263.7
24047,468.28,109.9
24510,80.94,7671.5
25000,7800.06,839.4
25001,393.72,548.3
25003,926.83,141.6
25005,553.1,991.3
25007,103.25,160.2
25009,492.56,1508.8
25011,699.32,102.1
25013,617.14,751
25015,527.26,299.8
25017,817.82,1837.9
25019,44.97,226.2
25021,396.11,1693.6
25023,659.08,750.9
25025,58.15,12415.7
25027,1510.77,528.6
26000,56538.9,174.8
26001,674.59,16.2
26003,915.07,10.5
26005,825.23,135
26007,571.86,51.8
26009,475.7,49.6
26011,363.19,43.8
26013,898.26,9.9
26015,553.09,107
26017,442.3,243.7
26019,319.7,54.8
26021,567.75,276.2
26023,506.37,89.4
26025,706.23,192.8
26027,490.06,106.7
26029,416.34,62.3
26031,715.26,36.6
26033,1558.42,24.7
26035,564.32,54.8
26037,566.41,133.1
26039,556.28,25.3
26041,1171.1,31.7
26043,761.4,34.4
26045,575.18,187.3
26047,467.49,69.9
26049,636.98,668.5
26051,501.78,51.2
26053,1101.85,14.9
26055,464.33,187.3
26057,568.46,74.7
26059,598.13,78.1
26061,1009.1,36.3
26063,835.71,39.6
26065,556.12,505.1
26067,571.3,111.9
26069,549.1,47.1
26071,1166.15,10.1
26073,572.68,122.8
26075,701.67,228.4
26077,561.66,445.7
26079,559.87,30.6
26081,846.95,711.5
26083,540.11,4
26085,567.37,20.3
26087,643.01,137.4
26089,347.17,62.5
26091,749.56,133.3
26093,565.25,320.2
26095,899.08,7.4
26097,1021.57,10.9
26099,479.22,1754.9
26101,542.15,45.6
26103,1808.4,37.1
26105,495.07,58
26107,555.07,77.1
26109,1044.08,23
26111,516.25,162
26113,564.73,26.3
26115,549.39,276.7
26117,705.4,89.8
26119,546.66,17.9
26121,499.25,344.9
26123,813.2,59.6
26125,867.66,1385.7
26127,512.07,51.9
26129,563.49,38.5
26131,1311.23,5.2
26133,566.39,41.5
26135,565.73,15.3
26137,514.97,46.9
26139,563.47,468.2
26141,658.72,20.3
26143,519.64,47.1
26145,800.11,250.2
26147,721.17,226.1
26149,500.59,122.4
26151,962.57,44.8
26153,1171.36,7.2
26155,530.67,133.1
26157,803.13,69.4
26159,607.47,125.5
26161,705.97,488.4
26163,612.08,2974.4
26165,565,57.9
27000,79626.74,66.6
27001,1821.66,8.9
27003,423.01,782.1
27005,1315.2,24.7
27007,2504.94,17.7
27009,408.3,94.2
27011,499.02,10.6
27013,747.84,85.6
27015,611.09,42.4
27017,861.38,41.1
27019,354.33,256.9
27021,2021.54,14.1
27023,581.12,21.4
27025,414.86,129.9
27027,1045.37,56.4
27029,998.94,8.7
27031,1452.28,3.6
27033,638.61,18.3
27035,999.1,62.6
27037,562.17,709
27039,439.28,45.7
27041,637.3,56.5
27043,712.48,20.4
27045,861.3,24.2
27047,707.09,44.2
27049,756.84,61
27051,548.16,11
27053,553.59,2081.7
27055,552.06,34.5
27057,925.68,22.1
27059,435.79,86.8
27061,2667.72,16.9
27063,702.98,14.6
27065,521.59,31.1
27067,796.79,53
27069,1098.8,4.1
27071,3104.07,4.3
27073,765.02,9.5
27075,2109.29,5.2
27077,1297.87,3.1
27079,448.76,61.7
27081,536.76,11
27083,714.56,36.2
27085,491.47,74.6
27087,557.88,9.7
27089,1775.07,5.3
27091,712.35,29.3
27093,608.18,38.3
27095,572.31,45.6
27097,1125.06,29.5
27099,711.33,55.1
27101,704.7,12.4
27103,448.49,73
27105,715.11,29.9
27107,872.79,7.9
27109,653.35,220.8
27111,1972.07,29.1
27113,616.57,22.6
27115,1411.29,21.1
27117,465.06,20.6
27119,1971.13,16
27121,669.71,16.4
27123,152.21,3341.7
27125,432.41,9.5
27127,878.57,18.3
27129,982.91,16
27131,495.68,129.4
27133,482.46,20.1
27135,1671.6,9.3
27137,6247.4,32
27139,356.48,364.5
27141,432.92,204.4
27143,588.78,25.9
27145,1343.13,112.2
27147,429.65,85.1
27149,563.6,17.3
27151,742.08,13.2
27153,944.98,26.3
27155,573.9,6.2
27157,522.98,41.4
27159,536.27,25.8
27161,423.36,45.2
27163,384.28,619.7
27165,434.95,25.8
27167,750.96,8.8
27169,626.21,82.2
27171,661.46,188.5
27173,759.1,13.8
28000,46923.27,63.2
28001,462.41,69.8
28003,400.04,92.6
28005,730.1,18
28007,734.98,26.6
28009,406.62,21.5
28011,876.57,39
28013,586.57,25.5
28015,628.24,16.9
28017,501.78,34.7
28019,418.18,20.4
28021,487.41,19.7
28023,691.55,24.2
28025,410.08,50.3
28027,552.44,47.3
28029,777.24,37.9
28031,413.79,47.3
28033,476.15,338.7
28035,466.31,160.7
28037,563.78,14.4
28039,478.71,47.2
28041,712.76,20.2
28043,422.11,51.9
28045,473.75,92.7
28047,573.99,326
28049,869.74,282
28051,756.7,25.4
28053,418.49,22.4
28055,413.05,3.4
28057,532.79,43.9
28059,722.75,193.2
28061,676.24,25.2
28063,519.93,14.9
28065,408.44,30.6
28067,694.8,97.5
28069,766.18,13.6
28071,631.71,75
28073,497.06,112
28075,703.63,114.1
28077,430.67,30
28079,583,40.8
28081,449.95,184.3
28083,592.54,54.5
28085,586.12,59.5
28087,505.51,118.3
28089,714.51,133.2
28091,542.38,49.9
28093,706.19,52.6
28095,765.09,48.3
28097,406.98,26.8
28099,570.14,52.1
28101,578.1,37.6
28103,695.14,16.6
28105,458.2,104
28107,685.14,50.7
28109,810.86,68.9
28111,647.25,18.9
28113,409.02,98.8
28115,497.69,60.2
28117,414.98,60.9
28119,405.01,20.3
28121,775.49,182.6
28123,609.19,46.4
28125,431.72,11.4
28127,589.16,46.7
28129,636.25,25.9
28131,445.49,39.9
28133,697.75,42.2
28135,645.29,23.8
28137,404.76,71.4
28139,457.82,48.6
28141,424.25,46.2
28143,454.67,23.7
28145,415.6,65.3
28147,403.94,38.2
28149,588.5,82.9
28151,724.74,70.6
28153,810.75,25.6
28155,420.94,24.4
28157,678.11,14.6
28159,607.25,31.6
28161,467.13,27.1
28163,922.95,30.4
29000,68741.52,87.1
29001,567.32,45.1
29003,432.7,40
29005,547.3,10.4
29007,692.24,36.9
29009,778.25,45.7
29011,591.92,21
29013,836.69,20.4
29015,704.06,27.1
29017,617.91,20
29019,685.41,237.3
29021,408.03,218.6
29023,694.67,61.6
29025,426.39,22.1
29027,834.58,53.1
29029,655.92,67.1
29031,578.54,130.8
29033,694.62,13.4
29035,507.36,12.3
29037,696.84,142.8
29039,474.48,29.5
29041,751.18,10.4
29043,562.65,137.6
29045,504.69,14.1
29047,397.3,558.6
29049,418.96,49.5
29051,393.75,193
29053,564.77,31.2
29055,742.52,33.3
29057,490.01,16.1
29059,540.77,31
29061,563.24,15
29063,421.36,30.6
29065,752.79,20.8
29067,813.63,16.8
29069,541.07,59.1
29071,922.68,110
29073,517.8,29.4
29075,491.42,13.7
29077,675.3,407.5
29079,435.28,23.6
29081,722.5,12.4
29083,696.95,32
29085,399.09,24.1
29087,462.69,10.6
29089,463.85,21.9
29091,927.25,43.6
29093,550.26,19.3
29095,604.46,1115.3
29097,638.49,183.9
29099,656.63,333.1
29101,829.28,63.4
29103,504.01,8.2
29105,764.72,46.5
29107,628.43,53.1
29109,611.74,63.2
29111,505.04,20.2
29113,626.56,83.9
29115,615.56,20.7
29117,532.33,28.5
29119,539.48,42.8
29121,801.23,19.4
29123,494.39,24.7
29125,526.98,17.4
29127,436.92,65.9
29129,453.84,8.3
29131,592.6,41.8
29133,411.58,34.9
29135,415.03,37.6
29137,647.65,13.6
29139,536.25,22.8
29141,597.63,34.4
29143,674.84,28.1
29145,624.77,93
29147,876.96,26.6
29149,789.8,13.8
29151,604.35,23
29153,744.97,13.1
29155,492.54,37.1
29157,474.35,40
29159,682.22,61.9
29161,671.78,67.2
29163,670.44,27.6
29165,420.19,212.6
29167,635.52,49
29169,547.1,95.5
29171,517.32,9.6
29173,469.78,21.6
29175,482.68,52.7
29177,568.81,41.3
29179,808.48,8.3
29181,629.54,22.4
29183,560.44,643.2
29185,669.98,14.6
29186,499.15,36.4
29187,451.89,144.6
29189,507.8,1967.2
29195,755.5,30.9
29197,307.3,14.4
29199,436.67,11.1
29201,419.99,93.3
29203,1003.82,8.4
29205,500.86,12.7
29207,823.22,36.4
29209,464.03,69.4
29211,647.98,10.4
29213,632.44,81.7
29215,1177.27,22.1
29217,826.4,25.6
29219,428.6,75.9
29221,759.91,33.2
29223,759.18,17.8
29225,592.56,61.1
29227,266.61,8.1
29229,681.77,27.6
29510,61.91,5157.5
30000,145545.8,6.8
30001,5541.62,1.7
30003,4995.46,2.6
30005,4227.55,1.5
30007,1192.54,4.7
30009,2048.79,4.9
30011,3340.75,0.3
30013,2698.16,30.1
30015,3972.49,1.5
30017,3783.36,3.1
30019,1426.11,1.2
30021,2371.87,3.8
30023,736.53,12.6
30025,1620.77,1.8
30027,4339.8,2.7
30029,5087.66,17.9
30031,2602.69,34.4
30033,4675.36,0.3
30035,2995.94,4.5
30037,1175.34,0.8
30039,1727.42,1.8
30041,2898.96,5.6
30043,1656.26,6.9
30045,1869.82,1.1
30047,1490.15,19.3
30049,3458.83,18.3
30051,1430.05,1.6
30053,3612.92,5.4
30055,2643.17,0.7
30057,3587.48,2.1
30059,2391.91,0.8
30061,1219.44,3.5
30063,2593.42,42.1
30065,1868.16,2.4
30067,2803.06,5.6
30069,1654.87,0.3
30071,5140.04,0.8
30073,1622.86,3.8
30075,3297.3,0.5
30077,2326.39,3
30079,1736.74,0.7
30081,2390.82,16.8
30083,2084.14,4.7
30085,2354.79,4.4
30087,5010.4,1.8
30089,2760.52,4.1
30091,1677.08,2
30093,718.48,47.6
30095,1795.35,5.1
30097,1855.21,2
30099,2272.38,2.7
30101,1915.65,2.8
30103,977.4,0.7
30105,4925.82,1.5
30107,1423.2,1.5
30109,889.27,1.1
30111,2633.29,56.2
31000,76824.17,23.8
31001,563.27,55.7
31003,857.22,7.8
31005,715.36,0.6
31007,746.11,0.9
31009,710.87,0.7
31011,686.55,8
31013,1075.29,10.5
31015,539.94,3.9
31017,1221.33,2.6
31019,968.11,47.6
31021,491.58,14
31023,584.91,14.4
31025,557.45,45.3
31027,740.31,12
31029,894.42,4.4
31031,5960.42,1
31033,1196.29,8.4
31035,572.29,11.4
31037,411.66,25.5
31039,570.62,16
31041,2575.52,4.2
31043,264.26,79.5
31045,1396.46,6.6
31047,1013.1,24
31049,439.85,4.4
31051,476.23,12.6
31053,528.71,69.4
31055,328.46,1574.4
31057,919.68,2.2
31059,575.37,10.2
31061,575.82,5.6
31063,974.59,2.8
31065,719.13,6.9
31067,851.49,26.2
31069,1704.28,1.2
31071,569.79,3.6
31073,458.16,4.5
31075,776.22,0.8
31077,569.81,4.5
31079,546.29,107.3
31081,542.88,16.8
31083,553.47,6.2
31085,713.06,1.4
31087,709.94,4.1
31089,2412.4,4.3
31091,721.12,1
31093,569.34,11
31095,570.19,13.2
31097,376.05,13.9
31099,516.24,12.6
31101,1061.6,7.9
31103,773.07,1.1
31105,951.85,4
31107,1108.35,7.9
31109,837.55,340.8
31111,2564.07,14.2
31113,570.66,1.3
31115,568.29,1.1
31117,858.98,0.6
31119,572.74,60.9
31121,484.88,16.2
31123,1423.84,3.5
31125,441.63,8.5
31127,407.38,17.8
31129,575.16,7.8
31131,615.63,25.6
31133,431.08,6.4
31135,883.34,3.4
31137,539.79,17
31139,573.25,12.7
31141,674.06,47.8
31143,438.35,12.3
31145,716.99,15.4
31147,551.84,15.2
31149,1008.32,1.5
31151,574.02,24.7
31153,238.99,664.6
31155,750.23,27.7
31157,739.4,50
31159,571.43,29.3
31161,2440.86,2.2
31163,565.83,5.6
31165,2066.74,0.6
31167,427.95,14.3
31169,573.81,9.1
31171,713.24,0.9
31173,393.58,17.6
31175,568.05,7.5
31177,389.96,51.9
31179,442.92,21.7
31181,574.91,6.6
31183,575.18,1.4
31185,572.51,23.9
32000,109781.18,24.6
32001,4930.46,5
32003,7891.43,247.3
32005,709.72,66.2
32007,17169.83,2.8
32009,3581.88,0.2
32011,4175.68,0.5
32013,9640.76,1.7
32015,5490.11,1.1
32017,10633.2,0.5
32019,2001.19,26
32021,3752.84,1.3
32023,18181.92,2.4
32027,6036.56,1.1
32029,262.92,15.3
32031,6302.37,66.9
32033,8875.65,1.1
32510,144.66,382.1
33000,8952.65,147
33001,400.23,150.1
33003,931.06,51.4
33005,706.66,109.1
33007,1794.69,18.4
33009,1708.75,52.2
33011,876.14,457.4
33013,934.12,156.8
33015,694.72,425
33017,368.98,333.7
33019,537.31,81.4
34000,7354.22,1195.5
34001,555.7,494.1
34003,233.01,3884.5
34005,798.58,561.9
34007,221.26,2321.5
34009,251.43,386.9
34011,483.7,324.4
34013,126.21,6211.5
34015,322.01,895.3
34017,46.19,13731.4
34019,427.82,300
34021,224.56,1632.2
34023,308.91,2621.6
34025,468.79,1344.7
34027,460.18,1069.8
34029,628.78,917
34031,184.59,2715.3
34033,331.9,199.1
34035,301.81,1071.7
34037,519.01,287.6
34039,102.86,5216.1
34041,356.92,304.5
35000,121298.15,17
35001,1160.83,570.8
35003,6923.69,0.5
35005,6065.28,10.8
35006,4539.48,6
35007,3758.06,3.7
35009,1404.8,34.4
35011,2322.62,0.9
35013,3807.51,55
35015,4175.73,12.9
35017,3961.63,7.4
35019,3030.48,1.5
35021,2125.44,0.3
35023,3436.86,1.4
35025,4390.93,14.7
35027,4831.09,4.2
35028,109.17,164.4
35029,2965.19,8.5
35031,5449.81,13.1
35033,1931.27,2.5
35035,6613.21,9.6
35037,2874.35,3.1
35039,5860.84,6.9
35041,2447.43,8.1
35043,3710.65,35.5
35045,5513.07,23.6
35047,4715.82,6.2
35049,1909.41,75.5
35051,4178.96,2.9
35053,6646.68,2.7
35055,2203.11,15
35057,3344.85,4.9
35059,3823.74,1.2
35061,1066.18,71.8
36000,47126.4,411.2
36001,522.8,581.9
36003,1029.31,47.6
36005,42.1,32903.6
36007,705.77,284.2
36009,1308.35,61.4
36011,691.58,115.7
36013,1060.23,127.2
36015,407.35,218.1
36017,893.55,56.5
36019,1037.85,79.1
36021,634.71,99.4
36023,498.76,98.9
36025,1442.44,33.3
36027,795.63,373.9
36029,1042.69,881.4
36031,1794.23,21.9
36033,1629.12,31.7
36035,495.47,112.1
36037,492.94,121.9
36039,647.16,76.1
36041,1717.37,2.8
36043,1411.47,45.7
36045,1268.59,91.6
36047,70.82,35369.1
36049,1274.68,21.3
36051,631.76,103.5
36053,654.84,112.2
36055,657.21,1132.6
36057,403.04,124.6
36059,284.72,4704.8
36061,22.83,69467.5
36063,522.36,414.4
36065,1212.43,193.7
36067,778.39,600
36069,644.07,167.6
36071,811.69,459.3
36073,391.26,109.6
36075,951.65,128.3
36077,1001.7,62.2
36079,230.31,432.9
36081,108.53,20553.6
36083,652.43,244.4
36085,58.37,8030.3
36087,173.55,1795.9
36089,2680.38,41.8
36091,809.98,271.1
36093,204.52,756.6
36095,621.82,52.7
36097,328.33,55.9
36099,323.71,108.9
36101,1390.56,71.2
36103,912.05,1637.4
36105,968.13,80.1
36107,518.6,98.6
36109,474.65,214
36111,1124.24,162.3
36113,866.95,75.8
36115,831.18,76.1
36117,603.83,155.3
36119,430.5,2204.7
36121,592.75,71.1
36123,338.14,75
37000,48617.91,196.1
37001,423.94,356.5
37003,259.99,143.1
37005,235.06,47.5
37007,531.45,50.7
37009,426.14,64
37011,247.09,72
37013,827.19,57.7
37015,699.27,30.4
37017,874.33,40.2
37019,846.97,126.8
37021,656.67,362.9
37023,507.1,179.3
37025,361.75,492.1
37027,471.57,176.1
37029,240.56,41.5
37031,506.25,131.3
37033,424.92,55.8
37035,398.72,387.1
37037,682.19,93.1
37039,455.43,60.3
37041,172.47,85.8
37043,214.75,49.3
37045,464.25,211.3
37047,937.29,62
37049,708.96,146
37051,652.32,489.7
37053,261.85,89.9
37055,383.42,88.5
37057,552.68,294.7
37059,264.11,156.2
37061,816.22,71.7
37063,285.98,935.7
37065,505.34,111.9
37067,408.15,859.2
37069,491.68,123.3
37071,356.03,578.8
37073,340.45,35.8
37075,292.08,30.3
37077,531.57,112.7
37079,265.93,80.3
37081,645.7,756.4
37083,724.09,75.5
37085,594.99,192.7
37087,553.69,106.6
37089,373.07,286.1
37091,353.06,69.9
37093,390.74,120.2
37095,612.7,9.5
37097,573.83,277.8
37099,490.76,82.1
37101,791.3,213.4
37103,470.71,21.6
37105,254.96,227
37107,400.59,148.5
37109,297.94,262.7
37111,440.61,102.1
37113,515.56,65.8
37115,449.57,46.2
37117,461.22,53.1
37119,523.84,1755.5
37121,221.43,70.4
37123,491.76,56.5
37125,697.84,126.5
37127,540.41,177.3
37129,191.53,1058.1
37131,536.59,41.2
37133,762.74,233.1
37135,397.96,336.2
37137,336.54,39.1
37139,226.88,179.2
37141,869.8,60
37143,247.09,54.4
37145,392.32,100.6
37147,651.98,257.9
37149,237.79,86.3
37151,782.52,181.1
37153,473.82,98.4
37155,949.22,141.3
37157,565.55,165.6
37159,511.37,270.7
37161,564.15,120.2
37163,944.74,67.1
37165,318.85,113.4
37167,395.09,153.3
37169,448.86,105.6
37171,532.17,138.4
37173,528,26.5
37175,378.53,87.4
37177,389.04,11.3
37179,631.52,318.7
37181,253.52,179.2
37183,835.22,1078.8
37185,428.46,48.9
37187,348.14,38
37189,312.56,163.4
37191,553.09,221.7
37193,754.28,91.9
37195,368.17,220.6
37197,334.83,114.7
37199,312.6,57
38000,69000.8,9.7
38001,987.62,2.4
38003,1491.55,7.4
38005,1388.71,4.8
38007,1148.85,0.7
38009,1668.42,3.9
38011,1161.81,2.7
38013,1103.57,1.8
38015,1632.65,49.8
38017,1764.94,84.9
38019,1488.75,2.7
38021,1131.47,4.7
38023,1260.79,1.6
38025,2008.46,1.8
38027,630.17,3.8
38029,1510.44,2.4
38031,635.45,5.3
38033,1000.79,1.7
38035,1436.38,46.5
38037,1659.14,1.4
38039,708.82,3.4
38041,1132.22,2.2
38043,1351.19,1.8
38045,1145.94,3.6
38047,992.82,2
38049,1873.95,2.9
38051,974.73,2.9
38053,2760.32,2.3
38055,2110.88,4.2
38057,1042.96,8.1
38059,1926.27,14.3
38061,1825.3,4.2
38063,981.78,3.2
38065,722.51,2.6
38067,1118.69,6.6
38069,1018.6,4.3
38071,1186.85,9.6
38073,862.36,6.3
38075,877.05,2.8
38077,1435.78,11.4
38079,903.08,15.4
38081,858.51,4.5
38083,972.38,1.4
38085,1094.09,3.8
38087,1214.92,0.6
38089,1334.74,18.1
38091,712.22,2.8
38093,2221.72,9.5
38095,1024.56,2.2
38097,861.95,9.4
38099,1281.93,8.7
38101,2013.28,30.6
38103,1271.05,3.3
38105,2077.4,10.8
39000,40860.69,282.3
39001,583.87,48.9
39003,402.5,264.2
39005,422.95,125.6
39007,701.93,144.6
39009,503.6,128.6
39011,401.39,114.5
39013,532.13,132.3
39015,490.02,91.5
39017,467.06,788.2
39019,394.61,73.1
39021,428.67,93.5
39023,397.47,348
39025,452.1,436.5
39027,408.68,102.9
39029,531.89,202.7
39031,563.91,65.4
39033,401.79,109
39035,457.19,2800
39037,598.1,88.5
39039,411.46,94.9
39041,443.1,393.2
39043,251.56,306.4
39045,504.41,289.8
39047,406.36,71.4
39049,532.19,2186.1
39051,405.44,105.3
39053,466.53,66.3
39055,400.16,233.4
39057,413.73,390.5
39059,522.25,76.8
39061,405.91,1976.7
39063,531.36,140.7
39065,470.41,68.1
39067,402.34,39.4
39069,416.01,67.8
39071,553.08,78.8
39073,421.32,69.7
39075,422.53,100.3
39077,491.5,121.3
39079,420.3,79
39081,408.33,170.7
39083,525.49,115.9
39085,227.49,1011.2
39087,453.37,137.7
39089,682.5,243.9
39091,458.43,100
39093,491.1,613.6
39095,340.86,1296.2
39097,465.88,93.2
39099,411.62,580.2
39101,403.76,164.7
39103,421.36,409
39105,430.1,55.3
39107,462.45,88.3
39109,406.58,252.1
39111,455.72,32.1
39113,461.55,1159.5
39115,416.42,36.2
39117,406.08,85.8
39119,664.58,129.5
39121,398.01,36.8
39123,254.92,162.5
39125,416.44,47.1
39127,407.97,88.4
39129,501.32,111.1
39131,440.28,65.2
39133,487.38,331.2
39135,424.12,99.7
39137,482.52,71.5
39139,495.27,251.3
39141,689.19,113.3
39143,408.45,149.2
39145,610.21,130.3
39147,551.02,103
39149,407.68,121.2
39151,575.27,652.9
39153,412.75,1312.6
39155,618.3,340.1
39157,567.64,163.1
39159,431.73,121.1
39161,409.16,70.3
39163,412.36,32.6
39165,401.31,530
39167,631.97,97.8
39169,554.93,206.4
39171,420.97,89.4
39173,617.21,203.3
39175,406.87,55.6
40000,68594.92,54.7
40001,573.48,39.6
40003,866.46,6.5
40005,975.52,14.5
40007,1814.67,3.1
40009,901.81,24.5
40011,928.42,12.9
40013,904.47,46.9
40015,1278.29,23.2
40017,896.63,128.9
40019,822.18,57.8
40021,749.41,62.7
40023,770.36,19.7
40025,1834.74,1.3
40027,538.77,474.7
40029,516.68,11.5
40031,1069.29,116.1
40033,632.65,9.8
40035,761.35,19.7
40037,950.14,73.6
40039,988.82,27.8
40041,738.18,56.2
40043,999.48,4.8
40045,1231.52,3.4
40047,1058.47,57.2
40049,802.12,34.4
40051,1100.5,47.6
40053,1000.87,4.5
40055,639.32,9.8
40057,537.19,5.4
40059,1039.02,3.5
40061,576.52,22.1
40063,804.65,17.4
40065,802.65,32.9
40067,758.83,8.5
40069,642.94,17
40071,919.73,50.6
40073,898.16,16.7
40075,1015.23,9.3
40077,722.08,15.4
40079,1589.21,31.7
40081,952.31,36
40083,743.83,56.3
40085,514,18.3
40087,570.7,60.5
40089,1850.01,17.9
40091,618.5,32.7
40093,954.99,7.9
40095,371.08,42.7
40097,655.39,63
40099,416.46,32.4
40101,810.45,87.6
40103,731.9,15.8
40105,565.78,18.6
40107,618.57,19.7
40109,708.82,1013.8
40111,697.35,57.5
40113,2246.36,21.1
40115,470.82,67.6
40117,567.96,29.2
40119,684.7,113
40121,1305.46,35.1
40123,720.44,52
40125,787.67,88.2
40127,1395.84,8.3
40129,1141.14,3.2
40131,675.63,128.6
40133,632.84,40.3
40135,673.27,63
40137,870.24,51.8
40139,2041.26,10.1
40141,871.13,9.2
40143,570.25,1058.1
40145,561.56,130.1
40147,415.45,122.7
40149,1003.17,11.6
40151,1286.45,6.9
40153,1242.4,16.2
41000,95988.01,39.9
41001,3068.36,5.3
41003,675.94,126.6
41005,1870.32,201
41007,829.05,44.7
41009,657.36,75.1
41011,1596.17,39.5
41013,2979.09,7
41015,1627.46,13.7
41017,3018.19,52.3
41019,5036.08,21.4
41021,1204.81,1.6
41023,4528.54,1.6
41025,10133.17,0.7
41027,521.95,42.8
41029,2783.55,73
41031,1780.79,12.2
41033,1639.67,50.4
41035,5941.05,11.2
41037,8138.98,1
41039,4553.12,77.2
41041,979.77,47
41043,2290.13,50.9
41045,9887.53,3.2
41047,1182.33,266.7
41049,2031.61,5.5
41051,431.3,1704.9
41053,740.79,101.8
41055,823.69,2.1
41057,1102.58,22.9
41059,3215.51,23.6
41061,2036.61,12.6
41063,3146.19,2.2
41065,2381.52,10.6
41067,724.23,731.4
41069,1714.75,0.8
41071,715.86,138.6
42000,44742.7,283.9
42001,518.67,195.5
42003,730.08,1675.6
42005,653.2,105.5
42007,434.71,392.3
42009,1012.3,49.2
42011,856.51,480.4
42013,525.8,241.7
42015,1147.4,54.6
42017,604.31,1034.7
42019,788.6,233.1
42021,688.35,208.7
42023,396.23,12.8
42025,381.46,171.1
42027,1109.92,138.7
42029,750.51,664.7
42031,600.83,66.6
42033,1144.72,71.3
42035,887.98,44.2
42037,483.11,139.3
42039,1012.3,87.7
42041,545.46,431.6
42043,525.05,510.6
42045,183.84,3040.5
42047,827.36,38.6
42049,799.15,351.1
42051,790.34,172.8
42053,427.19,18.1
42055,772.22,193.7
42057,437.55,33.9
42059,575.95,67.2
42061,874.64,52.5
42063,827.03,107.5
42065,652.43,69.3
42067,391.35,63
42069,459.08,467.1
42071,943.81,550.4
42073,358.18,254.4
42075,361.83,369.1
42077,345.17,1012.5
42079,890.33,360.4
42081,1228.59,94.5
42083,979.2,44.4
42085,672.58,173.4
42087,411.03,113.6
42089,608.29,279.2
42091,483.04,1655.9
42093,130.24,140.3
42095,369.67,805.4
42097,458.37,206.2
42099,551.45,83.4
42101,134.1,11379.5
42103,544.96,105.3
42105,1081.32,16.1
42107,778.63,190.4
42109,328.71,120.8
42111,1074.37,72.4
42113,449.94,14.3
42115,823.44,52.7
42117,1133.79,37
42119,315.98,142.2
42121,674.28,81.5
42123,884.14,47.3
42125,856.99,242.5
42127,725.6,72.8
42129,1027.55,355.4
42131,397.32,71.2
42133,904.18,481.1
44000,1033.81,1018.1
44001,24.16,2064
44003,168.53,985.9
44005,102.39,809.6
44007,409.5,1530.3
44009,329.24,385.7
45000,30060.7,153.9
45001,490.48,51.8
45003,1071.03,149.5
45005,408.09,25.5
45007,715.43,261.6
45009,393.37,40.6
45011,548.39,41.2
45013,576.28,281.5
45015,1098.86,161.8
45017,381.15,39.8
45019,916.09,382.3
45021,392.66,140.9
45023,580.66,57.1
45025,799.08,58.5
45027,606.94,57.6
45029,1056.49,36.8
45031,561.15,122.4
45033,404.87,79.2
45035,573.23,238.2
45037,500.41,53.9
45039,686.28,34.9
45041,799.96,171.1
45043,813.55,73.9
45045,785.12,574.7
45047,454.73,153.2
45049,559.9,37.7
45051,1133.9,237.5
45053,655.32,37.8
45055,726.56,84.9
45057,549.16,139.6
45059,713.8,93.2
45061,410.18,46.9
45063,698.91,375.4
45065,359.13,28.5
45067,489.23,67.6
45069,479.67,60.3
45071,630.04,59.5
45073,626.33,118.6
45075,1106.1,83.6
45077,496.41,240.2
45079,757.07,507.9
45081,452.78,43.9
45083,807.93,351.9
45085,665.07,161.6
45087,514.17,56.3
45089,934.16,36.8
45091,680.6,332.2
46000,75811,10.7
46003,708.43,3.8
46005,1258.71,13.8
46007,1184.71,2.9
46009,563.7,12.5
46011,792.21,40.3
46013,1712.98,21.3
46015,817.24,6.4
46017,471.38,4.1
46019,2249.9,4.5
46021,733.68,2
46023,1097.49,8.3
46025,957.6,3.9
46027,412.19,33.6
46029,688.5,39.5
46031,2469.69,1.6
46033,1557,5.3
46035,435.56,44.8
46037,1027.87,5.6
46039,622.69,7
46041,2302.49,2.3
46043,431.8,7
46045,1125.96,3.6
46047,1739.92,4.1
46049,981.75,2.4
46051,681.46,10.8
46053,1014.96,4.2
46055,1810.53,1.1
46057,507.23,11.6
46059,1436.61,2.4
46061,434.51,7.7
46063,2671.38,0.5
46065,741.56,23
46067,812.9,9
46069,860.52,1.7
46071,1863.91,1.6
46073,526.23,3.9
46075,969.68,1
46077,832.24,6.2
46079,563.28,19.9
46081,800.04,30.1
46083,577.28,77.7
46085,1641.94,2.3
46087,574.2,9.8
46089,1136.64,2.2
46091,838.07,5.6
46093,3470.98,7.3
46095,1307.31,1.6
46097,570.31,4.2
46099,807.15,210
46101,519.39,12.5
46103,2776.55,36.4
46105,2870.48,1
46107,861.14,2.7
46109,1101.04,9.2
46111,569.32,4.1
46113,2093.9,6.5
46115,1503.93,4.3
46117,1444.43,2.1
46119,1006.82,1.4
46121,1388.56,6.9
46123,1612.45,3.5
46125,617.06,13.5
46127,460.54,31.3
46129,708.63,7.7
46135,521.16,43.1
46137,1961.27,1.4
47000,41234.9,153.9
47001,337.16,222.8
47003,473.64,95.1
47005,394.14,41.8
47007,406.43,31.7
47009,558.71,220.2
47011,328.76,301
47013,480.19,84.8
47015,265.64,52
47017,599.25,47.6
47019,341.2,168.3
47021,302.44,129.3
47023,285.74,60
47025,434.58,74.1
47027,236.54,33.2
47029,434.57,82.1
47031,428.96,123.1
47033,265.54,54.9
47035,681.03,82.3
47037,504.03,1243.3
47039,333.85,35.2
47041,304.35,61.5
47043,489.9,101.4
47045,512.33,74.8
47047,704.79,54.5
47049,498.61,36
47051,554.54,74
47053,602.74,82.4
47055,610.93,48.3
47057,280.6,80.7
47059,622.17,110.6
47061,360.53,38
47063,161.18,388
47065,542.43,620.3
47067,222.34,30.7
47069,667.77,40.8
47071,577.32,45.1
47073,486.98,116.7
47075,533.11,35.2
47077,520.07,53.4
47079,562.1,57.5
47081,612.5,40.3
47083,200.29,42.1
47085,530.98,34.9
47087,308.32,37.7
47089,274.08,187.6
47091,298.48,61.1
47093,508.22,850.5
47095,165.78,47.2
47097,471.99,58.9
47099,617.13,67.8
47101,282.09,43.1
47103,570.34,58.5
47105,229.22,211.8
47107,430.13,121.5
47109,562.86,46.3
47111,307.14,72.4
47113,557.12,176.4
47115,498.16,56.7
47117,375.46,81.5
47119,613.14,132
47121,195.12,60.2
47123,635.57,70
47125,539.18,319.6
47127,129.22,49.2
47129,522.18,42.1
47131,544.73,58.4
47133,433.48,50.9
47135,414.73,19.1
47137,162.98,31.2
47139,434.68,38.7
47141,401.1,180.3
47143,315.38,100.9
47145,360.71,150.2
47147,476.29,139.2
47149,619.36,424
47151,532.3,41.8
47153,265.86,53.1
47155,592.5,151.7
47157,763.17,1215.5
47159,314.29,61
47161,459.33,29
47163,413.36,379.4
47165,529.45,303.4
47167,458.37,133.3
47169,114.19,68.9
47171,186.17,98.4
47173,223.55,85.5
47175,273.42,20.3
47177,432.68,92.1
47179,326.47,376.7
47181,734.1,23.2
47183,580.36,60.3
47185,376.67,68.6
47187,582.6,314.4
47189,570.83,199.7
48000,261231.71,96.3
48001,1062.6,55
48003,1500.71,9.9
48005,797.78,108.8
48007,252.07,91.9
48009,903.11,10
48011,909.11,2.1
48013,1219.54,36.8
48015,646.51,44
48017,826.8,8.7
48019,790.96,25.9
48021,888.15,83.5
48023,867.48,4.3
48025,880.24,36.2
48027,1051.02,295.2
48029,1239.82,1383.1
48031,709.25,14.8
48033,897.44,0.7
48035,982.98,18.5
48037,885.01,104.6
48039,1357.7,230.7
48041,585.45,332.8
48043,6183.73,1.5
48045,900,1.8
48047,943.36,7.7
48049,944.43,40.3
48051,659.03,26.1
48053,994.26,43
48055,545.26,69.8
48057,506.84,42.2
48059,899.37,15.1
48061,890.92,456
48063,195.83,63.3
48065,920.22,6.7
48067,936.96,32.5
48069,894.43,9
48071,597.14,58.8
48073,1052.91,48.3
48075,696.41,10.1
48077,1088.72,9.9
48079,775.15,4
48081,911.47,3.6
48083,1261.95,7
48085,841.23,930
48087,918.44,3.3
48089,960.27,21.7
48091,559.48,193.9
48093,937.75,14.9
48095,983.8,4.2
48097,874.76,43.9
48099,1052.07,71.7
48101,900.56,1.7
48103,785.07,5.6
48105,2807.33,1.3
48107,900.2,6.7
48109,3812.8,0.6
48111,1503.26,4.5
48113,871.28,2718
48115,900.31,15.4
48117,1496.87,12.9
48119,256.83,20.4
48121,878.43,754.3
48123,908.98,22.1
48125,901.72,2.7
48127,1328.88,7.5
48129,926.89,4
48131,1793.48,6.6
48133,926.49,20.1
48135,897.69,152.8
48137,2117.86,0.9
48139,935.49,159.9
48141,1012.69,790.6
48143,1083.07,35
48145,765.48,23.3
48147,890.84,38.1
48149,950.01,25.8
48151,898.94,4.4
48153,992.14,6.5
48155,704.4,1.9
48157,861.48,679.5
48159,284.39,37.3
48161,877.74,22.6
48163,1133.5,15.2
48165,1502.38,11.7
48167,378.36,769.9
48169,893.41,7.2
48171,1058.21,23.5
48173,900.22,1.4
48175,852.01,8.5
48177,1066.69,18.6
48179,925.97,24.3
48181,932.8,129.6
48183,273.3,445.4
48185,787.46,33.8
48187,711.3,184.9
48189,1004.68,36.1
48191,883.49,3.8
48193,835.91,10.2
48195,919.81,6.1
48197,695.11,6
48199,890.57,61.3
48201,1703.48,2402.4
48203,899.95,72.9
48205,1462.03,4.1
48207,903.13,6.5
48209,677.98,231.7
48211,906.29,4.2
48213,873.75,89.9
48215,1570.87,493.2
48217,958.86,36.6
48219,908.39,25.2
48221,420.64,121.7
48223,767.17,45.8
48225,1230.91,19.3
48227,900.79,38.9
48229,4570.98,0.8
48231,840.32,102.5
48233,887.42,25
48235,1051.56,1.5
48237,910.66,9.9
48239,829.44,17
48241,938.85,38
48243,2264.56,1
48245,876.3,287.9
48247,1136.14,4.7
48249,864.97,47.2
48251,724.69,208.3
48253,928.55,21.8
48255,747.56,19.8
48257,780.7,132.4
48259,662.45,50.4
48261,1458.33,0.3
48263,902.51,0.9
48265,1103.32,45
48267,1250.99,3.7
48269,910.87,0.3
48271,1360.06,2.6
48273,881.31,36.4
48275,850.62,4.4
48277,907.19,54.9
48279,1016.18,13.8
48281,712.84,27.6
48283,1486.69,4.6
48285,969.71,19.9
48287,629.02,26.4
48289,1073.15,15.7
48291,1158.42,65.3
48293,905.29,25.8
48295,932.18,3.5
48297,1039.7,11.1
48299,934.03,20.7
48301,668.93,0.1
48303,895.6,311.3
48305,891.87,6.6
48307,1065.6,7.8
48309,1037.1,226.5
48311,1139.43,0.6
48313,466.07,29.3
48315,380.88,27.7
48317,914.94,5.2
48319,928.8,4.3
48321,1100.28,33.4
48323,1279.26,42.4
48325,1325.36,34.7
48327,902.03,2.5
48329,900.3,152
48331,1016.93,24.3
48333,748.26,6.6
48335,911.09,10.3
48337,930.91,21.2
48339,1041.74,437.5
48341,899.69,24.3
48343,251.99,51.3
48345,989.56,1.2
48347,946.54,68.2
48349,1009.63,47.3
48351,933.68,15.5
48353,912,16.7
48355,838.48,405.8
48357,917.63,11.1
48359,1500.53,1.4
48361,333.67,245.3
48363,951.79,29.5
48365,801.75,29.7
48367,903.48,129.4
48369,880.78,11.7
48371,4763.85,3.3
48373,1057.09,43
48375,908.37,133.3
48377,3855.24,2
48379,229.45,47.6
48381,911.54,132.4
48383,1175.3,2.9
48385,699.2,4.7
48387,1036.58,12.4
48389,2635.38,5.2
48391,770.44,9.6
48393,924.06,1
48395,855.68,19.4
48397,127.04,616.7
48399,1050.95,10
48401,924.03,57.7
48403,491.39,22
48405,530.66,16.7
48407,569.24,46.3
48409,693.45,93.5
48411,1135.3,5.4
48413,1310.63,2.6
48415,905.44,18.7
48417,914.29,3.7
48419,795.58,32
48421,923.04,3.3
48423,921.45,227.6
48425,186.46,45.5
48427,1223.18,49.8
48429,896.72,10.7
48431,923.45,1.2
48433,916.31,1.6
48435,1453.93,2.8
48437,890.16,8.8
48439,863.61,2094.7
48441,915.55,143.6
48443,2358.03,0.4
48445,888.84,14.2
48447,912.55,1.8
48449,406.05,79.6
48451,1521.97,72.4
48453,990.2,1034.4
48455,693.61,21
48457,924.5,23.5
48459,582.95,67.4
48461,1241.32,2.7
48463,1551.95,17
48465,3144.75,15.5
48467,842.56,62.4
48469,882.14,98.4
48471,784.17,86.5
48473,513.43,84.1
48475,835.6,12.8
48477,603.95,55.8
48479,3361.48,74.5
48481,1086.15,38
48483,914.52,5.9
48485,627.78,209.5
48487,970.84,13.9
48489,590.55,37.5
48491,1118.3,378
48493,803.73,53.4
48495,841.11,8.5
48497,904.42,65.4
48499,645.23,65
48501,799.71,9.9
48503,914.47,20.3
48505,998.41,14
48507,1297.41,9
49000,82169.62,33.6
49001,2589.88,2.6
49003,5745.55,8.7
49005,1164.81,96.7
49007,1478.49,14.5
49009,696.98,1.5
49011,298.78,1025.8
49013,3240.95,5.7
49015,4462.31,2.5
49017,5175.12,1
49019,3671.54,2.5
49021,3296.68,14
49023,3392.28,3
49025,3990.23,1.8
49027,6572.43,1.9
49029,609.2,15.5
49031,757.79,2.1
49033,1028.78,2.2
49035,742.28,1387.1
49037,7819.99,1.9
49039,1590.15,17.5
49041,1910.58,10.9
49043,1871.71,19.4
49045,6941.35,8.4
49047,4479.69,7.3
49049,2003.45,257.8
49051,1175.5,20
49053,2426.36,56.9
49055,2460.68,1.1
49057,576.08,401.4
50000,9216.66,67.9
50001,766.33,48
50003,674.98,55
50005,648.86,48.1
50007,536.58,291.7
50009,663.6,9.5
50011,633.71,75.3
50013,81.81,85.2
50015,458.8,53.3
50017,687.03,42.1
50019,693.27,39.3
50021,929.82,66.3
50023,687.23,86.6
50025,785.31,56.7
50027,969.34,58.5
51000,39490.09,202.6
51001,449.5,73.8
51003,720.7,137.3
51005,445.46,36.5
51007,355.27,35.7
51009,473.93,68.3
51011,333.49,44.9
51013,25.97,7993.6
51015,967,76.3
51017,529.16,8.9
51019,753.02,91.2
51021,357.73,19.1
51023,541.2,61.2
51025,566.17,30.8
51027,502.76,47.9
51029,579.66,29.6
51031,503.87,108.8
51033,527.51,54.1
51035,474.69,63.3
51036,182.82,39.7
51037,475.27,26.5
51041,423.3,747.1
51043,176.18,79.7
51045,329.53,15.7
51047,379.23,123.1
51049,297.46,33.8
51051,330.53,48.1
51053,503.72,55.6
51057,257.12,43.4
51059,390.97,2766.8
51061,647.45,100.7
51063,380.42,40.2
51065,286.01,89.8
51067,690.43,81.3
51069,413.5,189.4
51071,355.78,48.6
51073,217.81,169.2
51075,281.42,77.2
51077,442.18,35.1
51079,156.25,117.8
51081,295.23,41.5
51083,817.84,44.3
51085,468.54,213.1
51087,233.7,1313.4
51089,382.33,141.6
51091,415.16,5.6
51093,315.61,111.8
51095,142.44,470.4
51097,315.14,22
51099,179.64,131.3
51101,273.94,58.2
51103,133.25,85.5
51105,435.52,58.8
51107,515.56,605.8
51109,496.3,66.8
51111,431.68,29.9
51113,320.68,41.5
51115,85.93,104.5
51117,625.49,52.3
51119,130.31,84.1
51121,387.01,243.9
51125,470.86,31.9
51127,209.73,87.9
51131,211.61,58.5
51133,191.3,64.5
51135,314.39,50.4
51137,340.78,98.2
51139,310.86,77.3
51141,483.1,38.3
51143,968.94,65.5
51145,260.22,107.8
51147,349.96,66.8
51149,265.16,134.7
51153,336.4,1195
51155,319.86,109
51157,266.23,27.7
51159,191.49,48.3
51161,250.52,368.7
51163,597.56,37.3
51165,849.09,89.9
51167,473.82,61
51169,535.53,43.3
51171,508.78,82.5
51173,450.93,71.4
51175,599.15,31
51177,401.5,304.9
51179,268.96,479.5
51181,278.95,25.3
51183,490.22,24.7
51185,518.85,86.9
51187,213.47,176
51191,560.98,97.8
51193,229.38,76.1
51195,403.19,102.8
51197,461.82,63.3
51199,104.78,624.8
51510,15.03,9314.3
51515,6.88,904.6
51520,13.01,1370.6
51530,6.7,991.9
51540,10.24,4246.4
51550,340.8,652
51570,7.52,2315.3
51580,5.47,1090.2
51590,42.93,1002.8
51595,6.89,859.7
51600,6.24,3616.8
51610,2,6169.1
51620,8.21,1045.8
51630,10.44,2326.2
51640,8.24,854.6
51650,51.41,2673.2
51660,17.42,2808.2
51670,10.28,2198
51678,2.5,2820.2
51680,49.13,1538.2
51683,9.88,3827.6
51685,2.53,5632.6
51690,10.96,1261.5
51700,68.71,2630
51710,54.12,4486.4
51720,7.48,529.1
51730,22.93,1413.7
51735,15.32,793.2
51740,33.65,2838.8
51750,9.87,1662.1
51760,59.81,3414.7
51770,42.56,2279.8
51775,14.44,1717.9
51790,19.98,1188.8
51800,400.17,211.4
51810,249.02,1758.9
51820,15.04,1396.8
51830,9.02,1559.3
51840,9.23,2838
53000,66455.52,101.2
53001,1924.98,9.7
53003,636.21,34
53005,1700.38,103
53007,2920.53,24.8
53009,1738.33,41.1
53011,629,676.2
53013,868.63,4.7
53015,1140.13,89.8
53017,1819.26,21.1
53019,2203.16,3.4
53021,1242.17,62.9
53023,710.69,3.2
53025,2679.51,33.3
53027,1902.03,38.3
53029,208.45,376.6
53031,1803.7,16.6
53033,2115.57,912.9
53035,394.94,635.9
53037,2297.27,17.8
53039,1871.31,10.9
53041,2402.8,31.4
53043,2310.49,4.6
53045,959.42,63.3
53047,5267.98,7.8
53049,932.66,22.4
53051,1399.99,9.3
53053,1669.51,476.3
53055,173.92,90.7
53057,1731.2,67.5
53059,1655.68,6.7
53061,2087.27,341.8
53063,1763.79,267.2
53065,2477.77,17.6
53067,721.96,349.4
53069,263.38,15.1
53071,1270.13,46.3
53073,2106.86,95.5
53075,2159.09,20.7
53077,4295.4,56.6
54000,24038.21,77.1
54001,341.06,48.6
54003,321.14,324.4
54005,501.54,49.1
54007,510.81,28.4
54009,89.21,269.8
54011,281.02,342.8
54013,279.25,27.3
54015,341.9,27.5
54017,319.72,25.7
54019,661.55,69.6
54021,338.5,25.7
54023,477.37,25
54025,1019.57,34.8
54027,640.25,37.4
54029,82.61,371.3
54031,582.31,24.1
54033,416.01,166.1
54035,464.35,62.9
54037,209.64,255.2
54039,901.59,214.1
54041,384.9,42.5
54043,437.04,49.7
54045,453.74,81
54047,533.46,41.5
54049,308.74,182.7
54051,305.43,108.4
54053,430.75,63.4
54055,418.99,148.6
54057,327.83,86.1
54059,423.11,63.4
54061,360.06,267.1
54063,472.75,28.6
54065,229.07,76.6
54067,646.82,40.6
54069,105.82,420
54071,696.05,11.1
54073,130.1,58.5
54075,940.28,9.3
54077,648.81,51.7
54079,345.67,160.5
54081,605.35,130.3
54083,1039.68,28.3
54085,451.99,23.1
54087,483.56,30.9
54089,360.46,38.6
54091,172.77,97.8
54093,418.92,17
54095,256.29,35.9
54097,354.64,68.4
54099,505.98,84
54101,553.47,16.5
54103,358.06,46.3
54105,232.51,24.6
54107,366.26,237.4
54109,499.45,47.6
55000,54157.8,105
55001,645.65,32.3
55003,1045.04,15.5
55005,862.71,53.2
55007,1477.86,10.2
55009,529.71,468.2
55011,671.64,20.2
55013,821.85,18.8
55015,318.24,153.9
55017,1008.37,61.9
55019,1209.82,28.7
55021,765.53,74.2
55023,570.66,29.2
55025,1197.24,407.7
55027,875.63,101.4
55029,481.98,57.6
55031,1304.14,33.9
55033,850.11,51.6
55035,637.98,154.8
55037,488.2,9.1
55039,719.55,141.2
55041,1014.07,9.2
55043,1146.85,44.7
55045,583.96,63.1
55047,349.44,54.5
55049,762.58,31.1
55051,758.17,7.8
55053,987.72,20.7
55055,556.47,150.4
55057,766.93,34.8
55059,271.99,611.9
55061,342.52,60.1
55063,451.69,253.8
55065,633.59,26.6
55067,870.64,22.9
55069,878.97,32.7
55071,589.08,138.3
55073,1544.98,86.8
55075,1399.35,29.8
55077,455.6,33.8
55078,357.61,11.8
55079,241.4,3926
55081,900.78,49.6
55083,997.99,37.7
55085,1112.97,32.3
55087,637.52,277.2
55089,233.08,370.7
55091,231.98,32.2
55093,573.75,71.5
55095,913.96,48.4
55097,800.68,87.4
55099,1254.38,11.3
55101,332.5,587.7
55103,586.15,30.7
55105,718.14,223.3
55107,913.59,16.2
55109,722.33,116.8
55111,830.9,74.6
55113,1257.31,13.2
55115,893.06,47
55117,511.27,225.9
55119,974.88,21.2
55121,732.97,39.3
55123,791.58,37.6
55125,856.6,25
55127,555.13,184.2
55129,797.11,20
55131,430.7,306.2
55133,549.57,709.4
55135,747.71,70.1
55137,626.15,39.1
55139,434.49,384.3
55141,793.12,94.2
56000,97093.14,5.8
56001,4273.84,8.5
56003,3137.1,3.7
56005,4802.71,9.6
56007,7897.58,2
56009,4254.88,3.3
56011,2854.41,2.5
56013,9183.81,4.4
56015,2225.39,6
56017,2004.09,2.4
56019,4154.15,2.1
56021,2685.91,34.2
56023,4076.13,4.4
56025,5340.35,14.1
56027,2626.04,0.9
56029,6942.08,4.1
56031,2084.21,4.2
56033,2523.99,11.5
56035,4886.54,2.1
56037,10426.65,4.2
56039,3995.38,5.3
56041,2081.26,10.1
56043,2238.55,3.8
56045,2398.09,3